"reg_code";"prio_year";"tech";"nr_patents"
"HU101";2001;"A01K";1
"HU101";2001;"A01N";2
"HU101";2001;"A23L";1
"HU101";2001;"A47J";1
"HU101";2001;"A61B";2
"HU101";2001;"A61K";14
"HU101";2001;"B01D";1
"HU101";2001;"B01J";1
"HU101";2001;"B23K";1
"HU101";2001;"B30B";1
"HU101";2001;"B60R";1
"HU101";2001;"B60T";2
"HU101";2001;"C02F";1
"HU101";2001;"C04B";2
"HU101";2001;"C05F";2
"HU101";2001;"C07C";6
"HU101";2001;"C07D";19
"HU101";2001;"C07F";2
"HU101";2001;"C07K";3
"HU101";2001;"C08B";1
"HU101";2001;"C08F";1
"HU101";2001;"C08G";1
"HU101";2001;"C08J";1
"HU101";2001;"C09D";1
"HU101";2001;"C10L";1
"HU101";2001;"C11C";1
"HU101";2001;"C11D";2
"HU101";2001;"C12N";3
"HU101";2001;"C12P";1
"HU101";2001;"C12Q";3
"HU101";2001;"C12R";2
"HU101";2001;"C23C";1
"HU101";2001;"E03D";1
"HU101";2001;"E05B";1
"HU101";2001;"E06B";1
"HU101";2001;"E06C";1
"HU101";2001;"F16C";1
"HU101";2001;"F16J";1
"HU101";2001;"F16K";1
"HU101";2001;"G01B";1
"HU101";2001;"G01N";10
"HU101";2001;"G02B";1
"HU101";2001;"G06F";2
"HU101";2001;"G06K";1
"HU101";2001;"G06Q";3
"HU101";2001;"G07C";2
"HU101";2001;"G08B";1
"HU101";2001;"G08G";1
"HU101";2001;"G09F";1
"HU101";2001;"G11B";1
"HU101";2001;"G21C";1
"HU101";2001;"G21G";1
"HU101";2001;"G21Y";1
"HU101";2001;"H01J";2
"HU101";2001;"H02J";1
"HU101";2001;"H03H";1
"HU101";2001;"H04L";18
"HU101";2001;"H04M";2
"HU101";2001;"H04Q";1
"HU101";2001;"H04W";13
"HU101";2001;"Y02E";2
"HU101";2001;"Y02P";3
"HU101";2001;"Y10S";3
"HU101";2001;"Y10T";2
"HU102";2001;"A01F";1
"HU102";2001;"A01K";1
"HU102";2001;"A61B";2
"HU102";2001;"A61F";1
"HU102";2001;"A61K";6
"HU102";2001;"B01F";1
"HU102";2001;"B01J";1
"HU102";2001;"B23K";1
"HU102";2001;"B25J";1
"HU102";2001;"B67D";1
"HU102";2001;"C04B";1
"HU102";2001;"C07B";1
"HU102";2001;"C07C";3
"HU102";2001;"C07D";15
"HU102";2001;"C07H";1
"HU102";2001;"C07K";3
"HU102";2001;"C10L";1
"HU102";2001;"C11C";1
"HU102";2001;"C11D";1
"HU102";2001;"C12N";2
"HU102";2001;"E04H";2
"HU102";2001;"E05B";1
"HU102";2001;"G01B";1
"HU102";2001;"G01L";1
"HU102";2001;"G01N";2
"HU102";2001;"G05D";1
"HU102";2001;"G06K";1
"HU102";2001;"G07C";2
"HU102";2001;"G08B";1
"HU102";2001;"G11B";1
"HU102";2001;"H01J";1
"HU102";2001;"H02J";1
"HU102";2001;"H04L";3
"HU102";2001;"H04M";1
"HU102";2001;"H04W";1
"HU102";2001;"Y02E";1
"HU102";2001;"Y02P";3
"HU102";2001;"Y10S";1
"HU102";2001;"Y10T";1
"HU211";2001;"C04B";1
"HU211";2001;"C08F";1
"HU211";2001;"C11D";1
"HU211";2001;"Y10T";1
"HU213";2001;"G08G";1
"HU213";2001;"H04L";1
"HU221";2001;"A01K";1
"HU221";2001;"A47J";1
"HU221";2001;"C07C";1
"HU221";2001;"C07D";1
"HU231";2001;"A61K";1
"HU231";2001;"C07C";1
"HU231";2001;"C07D";1
"HU231";2001;"C07F";1
"HU231";2001;"G01N";1
"HU231";2001;"G11B";1
"HU232";2001;"A23B";1
"HU232";2001;"A23V";1
"HU232";2001;"A61K";1
"HU233";2001;"A61K";2
"HU233";2001;"C02F";1
"HU233";2001;"C07D";2
"HU233";2001;"G01N";2
"HU311";2001;"C07D";1
"HU312";2001;"G08C";1
"HU321";2001;"A61K";1
"HU321";2001;"B62D";1
"HU321";2001;"C07D";5
"HU321";2001;"C12N";1
"HU321";2001;"C12P";4
"HU321";2001;"F16H";1
"HU321";2001;"G01N";1
"HU321";2001;"Y10S";1
"HU321";2001;"Y10T";1
"HU322";2001;"B09C";1
"HU322";2001;"C09K";1
"HU322";2001;"C12P";1
"HU322";2001;"C12R";1
"HU323";2001;"C07D";1
"HU331";2001;"A01D";1
"HU331";2001;"A61N";1
"HU331";2001;"F16K";1
"HU332";2001;"B09C";1
"HU332";2001;"C09K";1
"HU332";2001;"C12R";1
"HU333";2001;"A01N";2
"HU333";2001;"A61K";3
"HU333";2001;"A61N";1
"HU333";2001;"B09C";1
"HU333";2001;"C05F";2
"HU333";2001;"C07C";1
"HU333";2001;"C07D";1
"HU333";2001;"C07K";3
"HU333";2001;"C09K";1
"HU333";2001;"C12N";5
"HU333";2001;"C12R";3
"HU333";2001;"G01N";2
"HU333";2001;"H01R";1
"HUZZZ";2001;"A61K";1
"HU101";2002;"A01G";1
"HU101";2002;"A01N";2
"HU101";2002;"A23K";2
"HU101";2002;"A23L";2
"HU101";2002;"A47K";1
"HU101";2002;"A47L";1
"HU101";2002;"A61F";1
"HU101";2002;"A61H";1
"HU101";2002;"A61K";13
"HU101";2002;"A61L";1
"HU101";2002;"A61N";1
"HU101";2002;"A62C";1
"HU101";2002;"B01J";1
"HU101";2002;"B01L";1
"HU101";2002;"B22F";1
"HU101";2002;"B29C";1
"HU101";2002;"B29L";1
"HU101";2002;"B60R";3
"HU101";2002;"B62K";1
"HU101";2002;"B62M";1
"HU101";2002;"B65D";2
"HU101";2002;"B65G";1
"HU101";2002;"B82Y";1
"HU101";2002;"C02F";2
"HU101";2002;"C07B";1
"HU101";2002;"C07C";6
"HU101";2002;"C07D";13
"HU101";2002;"C07H";1
"HU101";2002;"C07J";1
"HU101";2002;"C07K";1
"HU101";2002;"C08B";1
"HU101";2002;"C08F";1
"HU101";2002;"C08G";1
"HU101";2002;"C08J";1
"HU101";2002;"C09D";1
"HU101";2002;"C11B";1
"HU101";2002;"C11C";1
"HU101";2002;"C12Q";1
"HU101";2002;"C21C";1
"HU101";2002;"C22C";1
"HU101";2002;"D06M";1
"HU101";2002;"E02D";1
"HU101";2002;"E03B";1
"HU101";2002;"E04B";2
"HU101";2002;"E04G";2
"HU101";2002;"E04H";1
"HU101";2002;"E05B";1
"HU101";2002;"E05D";1
"HU101";2002;"E05Y";1
"HU101";2002;"E06C";2
"HU101";2002;"F02M";3
"HU101";2002;"F16K";3
"HU101";2002;"F16L";1
"HU101";2002;"F28D";3
"HU101";2002;"F28F";3
"HU101";2002;"F41H";1
"HU101";2002;"G01N";6
"HU101";2002;"G02B";1
"HU101";2002;"G03B";1
"HU101";2002;"G06F";1
"HU101";2002;"G06Q";4
"HU101";2002;"G07F";2
"HU101";2002;"G09F";3
"HU101";2002;"G21K";1
"HU101";2002;"H01B";1
"HU101";2002;"H01J";1
"HU101";2002;"H01K";2
"HU101";2002;"H01L";2
"HU101";2002;"H02G";2
"HU101";2002;"H04L";11
"HU101";2002;"H04M";3
"HU101";2002;"H04Q";1
"HU101";2002;"H04W";8
"HU101";2002;"H05B";1
"HU101";2002;"Y02P";4
"HU101";2002;"Y02T";1
"HU101";2002;"Y10S";1
"HU101";2002;"Y10T";1
"HU102";2002;"A01N";1
"HU102";2002;"A47F";1
"HU102";2002;"A47K";1
"HU102";2002;"A61K";4
"HU102";2002;"B22F";1
"HU102";2002;"B62K";1
"HU102";2002;"B62M";1
"HU102";2002;"B65G";1
"HU102";2002;"C02F";1
"HU102";2002;"C07C";2
"HU102";2002;"C07D";9
"HU102";2002;"C12Q";1
"HU102";2002;"C22C";1
"HU102";2002;"E02D";2
"HU102";2002;"E06B";1
"HU102";2002;"F25D";1
"HU102";2002;"G01N";1
"HU102";2002;"G06F";2
"HU102";2002;"G06Q";1
"HU102";2002;"G07F";1
"HU102";2002;"H01J";2
"HU102";2002;"H01K";2
"HU102";2002;"H02M";1
"HU102";2002;"H04L";4
"HU102";2002;"H04M";2
"HU102";2002;"H04Q";1
"HU102";2002;"H04W";1
"HU102";2002;"Y02P";1
"HU211";2002;"A01N";1
"HU211";2002;"B01J";1
"HU211";2002;"B29B";1
"HU211";2002;"B29L";1
"HU211";2002;"B30B";1
"HU211";2002;"C07C";2
"HU211";2002;"C08F";1
"HU211";2002;"C09D";1
"HU211";2002;"D06M";1
"HU211";2002;"E04F";1
"HU211";2002;"H02M";1
"HU211";2002;"Y02W";1
"HU211";2002;"Y10S";1
"HU212";2002;"C02F";1
"HU212";2002;"C07C";1
"HU212";2002;"C07D";1
"HU212";2002;"H04M";1
"HU213";2002;"A23L";1
"HU213";2002;"A61K";1
"HU213";2002;"B60K";1
"HU213";2002;"B60L";1
"HU213";2002;"B65D";1
"HU213";2002;"C07D";2
"HU213";2002;"C08G";1
"HU213";2002;"H02K";1
"HU213";2002;"H05B";1
"HU213";2002;"Y02P";1
"HU213";2002;"Y02T";1
"HU222";2002;"A47J";1
"HU222";2002;"B67D";1
"HU222";2002;"C02F";1
"HU222";2002;"F16K";1
"HU222";2002;"F17C";1
"HU222";2002;"H01P";1
"HU231";2002;"A61L";1
"HU231";2002;"C02F";1
"HU231";2002;"G01N";2
"HU231";2002;"H01P";1
"HU232";2002;"C02F";2
"HU233";2002;"A61K";1
"HU233";2002;"C07D";1
"HU233";2002;"C07K";1
"HU233";2002;"G01N";1
"HU311";2002;"A23B";1
"HU311";2002;"A23L";1
"HU311";2002;"A61K";1
"HU311";2002;"G06Q";1
"HU311";2002;"G07F";1
"HU311";2002;"H04M";1
"HU312";2002;"A24D";1
"HU312";2002;"C08G";1
"HU312";2002;"C08J";1
"HU312";2002;"H01B";1
"HU313";2002;"E04F";1
"HU321";2002;"A61K";2
"HU321";2002;"A63D";1
"HU321";2002;"B01D";1
"HU321";2002;"B09C";1
"HU321";2002;"B22F";1
"HU321";2002;"C07D";4
"HU321";2002;"C08F";1
"HU321";2002;"C09K";1
"HU321";2002;"C12N";1
"HU321";2002;"C12P";1
"HU321";2002;"C22C";1
"HU321";2002;"H01K";1
"HU321";2002;"Y10S";1
"HU322";2002;"A23L";1
"HU322";2002;"B09C";2
"HU322";2002;"B65D";1
"HU322";2002;"C09K";2
"HU322";2002;"C12P";1
"HU322";2002;"G06Q";1
"HU322";2002;"G07F";1
"HU322";2002;"H04L";3
"HU322";2002;"H04M";1
"HU322";2002;"H04Q";1
"HU322";2002;"H04W";1
"HU322";2002;"H05B";1
"HU322";2002;"Y02P";1
"HU323";2002;"A61K";1
"HU323";2002;"B60G";1
"HU331";2002;"A01M";1
"HU331";2002;"A21C";3
"HU331";2002;"A46B";1
"HU331";2002;"A47L";1
"HU331";2002;"B08B";1
"HU331";2002;"B24B";1
"HU331";2002;"B25D";1
"HU331";2002;"B60G";1
"HU331";2002;"F21L";1
"HU331";2002;"F21S";1
"HU332";2002;"A01K";1
"HU332";2002;"A23L";1
"HU332";2002;"B65D";1
"HU332";2002;"G01N";1
"HU332";2002;"H05B";1
"HU332";2002;"Y02P";1
"HU333";2002;"A01G";1
"HU333";2002;"A21D";1
"HU333";2002;"A61B";1
"HU333";2002;"B09C";2
"HU333";2002;"B28B";1
"HU333";2002;"B65D";1
"HU333";2002;"C02F";1
"HU333";2002;"C07D";1
"HU333";2002;"C09K";2
"HU333";2002;"C12N";1
"HU333";2002;"C12P";1
"HU333";2002;"C12R";1
"HU333";2002;"C25B";1
"HU333";2002;"E01H";1
"HU333";2002;"E04B";1
"HU333";2002;"E04C";1
"HU333";2002;"G01N";3
"HU333";2002;"G01R";1
"HU333";2002;"G02B";1
"HU333";2002;"Y02P";1
"HU333";2002;"Y02W";1
"HU101";2003;"A01G";1
"HU101";2003;"A01N";2
"HU101";2003;"A23D";1
"HU101";2003;"A23L";1
"HU101";2003;"A23V";1
"HU101";2003;"A47J";2
"HU101";2003;"A61B";2
"HU101";2003;"A61K";21
"HU101";2003;"A61Q";1
"HU101";2003;"A63B";1
"HU101";2003;"B08B";1
"HU101";2003;"B29K";1
"HU101";2003;"B42D";2
"HU101";2003;"B60G";1
"HU101";2003;"B60R";7
"HU101";2003;"B60T";4
"HU101";2003;"B64B";1
"HU101";2003;"B65D";2
"HU101";2003;"C04B";2
"HU101";2003;"C07B";1
"HU101";2003;"C07C";7
"HU101";2003;"C07D";18
"HU101";2003;"C07F";1
"HU101";2003;"C07H";1
"HU101";2003;"C07J";2
"HU101";2003;"C07K";1
"HU101";2003;"C08F";1
"HU101";2003;"C08K";1
"HU101";2003;"C09F";1
"HU101";2003;"C09K";1
"HU101";2003;"C10L";1
"HU101";2003;"C10M";1
"HU101";2003;"C10N";1
"HU101";2003;"C11C";1
"HU101";2003;"C12N";3
"HU101";2003;"C12Q";1
"HU101";2003;"D06F";1
"HU101";2003;"E03B";1
"HU101";2003;"E03D";1
"HU101";2003;"E04G";1
"HU101";2003;"E05B";1
"HU101";2003;"F01N";1
"HU101";2003;"F02M";1
"HU101";2003;"F16K";1
"HU101";2003;"F16L";1
"HU101";2003;"F24C";1
"HU101";2003;"F25B";1
"HU101";2003;"F25C";2
"HU101";2003;"F25D";3
"HU101";2003;"F28B";1
"HU101";2003;"F28D";1
"HU101";2003;"F28F";1
"HU101";2003;"G01L";1
"HU101";2003;"G01N";3
"HU101";2003;"G01R";1
"HU101";2003;"G02B";4
"HU101";2003;"G03H";1
"HU101";2003;"G06F";1
"HU101";2003;"G06K";2
"HU101";2003;"G07D";2
"HU101";2003;"G07F";2
"HU101";2003;"G11B";3
"HU101";2003;"H01J";1
"HU101";2003;"H04B";1
"HU101";2003;"H04H";1
"HU101";2003;"H04L";22
"HU101";2003;"H04M";5
"HU101";2003;"H04N";2
"HU101";2003;"H04Q";2
"HU101";2003;"H04W";17
"HU101";2003;"Y02T";1
"HU101";2003;"Y10T";2
"HU102";2003;"A21C";1
"HU102";2003;"A47F";1
"HU102";2003;"A61B";5
"HU102";2003;"A61K";2
"HU102";2003;"B29C";2
"HU102";2003;"B29L";1
"HU102";2003;"B42D";1
"HU102";2003;"B60T";1
"HU102";2003;"C04B";1
"HU102";2003;"C07B";1
"HU102";2003;"C07C";7
"HU102";2003;"C07D";11
"HU102";2003;"C07F";1
"HU102";2003;"C07J";2
"HU102";2003;"C08K";1
"HU102";2003;"C09F";1
"HU102";2003;"C09K";1
"HU102";2003;"C10B";1
"HU102";2003;"C10G";1
"HU102";2003;"C11C";1
"HU102";2003;"E05D";1
"HU102";2003;"E05F";1
"HU102";2003;"E05Y";1
"HU102";2003;"F01N";1
"HU102";2003;"F02M";1
"HU102";2003;"F16K";1
"HU102";2003;"F24C";1
"HU102";2003;"F28D";1
"HU102";2003;"F28F";1
"HU102";2003;"G01N";1
"HU102";2003;"G02B";3
"HU102";2003;"G06K";1
"HU102";2003;"G07D";1
"HU102";2003;"G07F";2
"HU102";2003;"G11B";1
"HU102";2003;"H01J";2
"HU102";2003;"H04B";1
"HU102";2003;"H04L";6
"HU102";2003;"H04N";1
"HU102";2003;"H04W";5
"HU102";2003;"Y02T";1
"HU102";2003;"Y10T";2
"HU211";2003;"A01N";1
"HU211";2003;"A61K";1
"HU211";2003;"H02K";1
"HU211";2003;"H04B";1
"HU211";2003;"H04L";1
"HU212";2003;"A61B";1
"HU213";2003;"B62D";1
"HU213";2003;"B65D";1
"HU213";2003;"C07D";3
"HU213";2003;"C12Q";1
"HU213";2003;"G01D";1
"HU213";2003;"G01N";1
"HU213";2003;"G03H";1
"HU213";2003;"G11B";1
"HU221";2003;"A42B";1
"HU221";2003;"B60B";1
"HU221";2003;"B60J";1
"HU221";2003;"B60K";1
"HU221";2003;"B60Y";1
"HU221";2003;"C07B";1
"HU221";2003;"C07C";1
"HU221";2003;"E03D";1
"HU221";2003;"F16H";1
"HU223";2003;"A21C";1
"HU223";2003;"B29C";2
"HU223";2003;"B29L";1
"HU223";2003;"C07K";1
"HU223";2003;"C12N";1
"HU223";2003;"G06F";1
"HU223";2003;"H01J";1
"HU231";2003;"C07D";2
"HU231";2003;"H04L";3
"HU231";2003;"H04W";2
"HU232";2003;"C10L";2
"HU233";2003;"A61K";1
"HU233";2003;"A61M";1
"HU233";2003;"B65D";1
"HU233";2003;"C07D";1
"HU311";2003;"B23Q";1
"HU311";2003;"B24B";2
"HU311";2003;"B24D";1
"HU311";2003;"B60T";1
"HU311";2003;"B61H";1
"HU311";2003;"C07C";1
"HU311";2003;"C08G";1
"HU311";2003;"C10L";1
"HU311";2003;"Y02P";1
"HU312";2003;"A61B";1
"HU312";2003;"C07C";1
"HU312";2003;"C08G";1
"HU312";2003;"F02M";1
"HU312";2003;"H02K";1
"HU321";2003;"A61K";7
"HU321";2003;"A63F";1
"HU321";2003;"C07C";3
"HU321";2003;"C07D";7
"HU321";2003;"C10B";1
"HU321";2003;"C10G";1
"HU321";2003;"C12N";1
"HU321";2003;"C12P";1
"HU322";2003;"A47F";1
"HU323";2003;"C08K";1
"HU323";2003;"C09K";1
"HU331";2003;"B60R";1
"HU331";2003;"E05D";1
"HU331";2003;"E05Y";1
"HU331";2003;"E06C";1
"HU331";2003;"F16J";2
"HU331";2003;"H04H";1
"HU331";2003;"H04L";2
"HU333";2003;"A61B";1
"HU333";2003;"A61K";2
"HU333";2003;"A61M";1
"HU333";2003;"C07J";1
"HU333";2003;"C07K";1
"HU333";2003;"C12N";1
"HU333";2003;"E03F";1
"HU333";2003;"F04D";1
"HU101";2004;"A61B";3
"HU101";2004;"A61K";9
"HU101";2004;"A61N";1
"HU101";2004;"B01D";2
"HU101";2004;"B01J";2
"HU101";2004;"B01L";1
"HU101";2004;"B05D";1
"HU101";2004;"B21C";1
"HU101";2004;"B23B";1
"HU101";2004;"B29B";1
"HU101";2004;"B29C";4
"HU101";2004;"B29K";2
"HU101";2004;"B29L";1
"HU101";2004;"B44C";1
"HU101";2004;"B60R";3
"HU101";2004;"B60T";2
"HU101";2004;"B62D";1
"HU101";2004;"B62K";1
"HU101";2004;"B65D";5
"HU101";2004;"C02F";2
"HU101";2004;"C03C";1
"HU101";2004;"C05F";1
"HU101";2004;"C07B";1
"HU101";2004;"C07C";4
"HU101";2004;"C07D";28
"HU101";2004;"C07F";1
"HU101";2004;"C07H";2
"HU101";2004;"C07J";2
"HU101";2004;"C07K";1
"HU101";2004;"C08G";2
"HU101";2004;"C08J";1
"HU101";2004;"C08K";1
"HU101";2004;"C10B";1
"HU101";2004;"C10G";1
"HU101";2004;"C12N";1
"HU101";2004;"C22C";1
"HU101";2004;"C22F";1
"HU101";2004;"E04H";1
"HU101";2004;"E05B";1
"HU101";2004;"F02M";1
"HU101";2004;"F02N";1
"HU101";2004;"F16D";3
"HU101";2004;"F16H";3
"HU101";2004;"F16K";1
"HU101";2004;"F16L";2
"HU101";2004;"F24D";1
"HU101";2004;"F28D";1
"HU101";2004;"G01M";1
"HU101";2004;"G01N";4
"HU101";2004;"G02B";3
"HU101";2004;"G05F";1
"HU101";2004;"G06F";5
"HU101";2004;"G06Q";5
"HU101";2004;"G07F";2
"HU101";2004;"G07G";1
"HU101";2004;"G08B";2
"HU101";2004;"G09B";1
"HU101";2004;"G09G";1
"HU101";2004;"G11B";1
"HU101";2004;"G21K";1
"HU101";2004;"H01B";1
"HU101";2004;"H01F";1
"HU101";2004;"H01G";1
"HU101";2004;"H01J";6
"HU101";2004;"H01K";2
"HU101";2004;"H01M";1
"HU101";2004;"H01R";1
"HU101";2004;"H02J";1
"HU101";2004;"H02K";1
"HU101";2004;"H02P";1
"HU101";2004;"H03D";1
"HU101";2004;"H03H";1
"HU101";2004;"H03J";2
"HU101";2004;"H03K";1
"HU101";2004;"H03L";1
"HU101";2004;"H03M";1
"HU101";2004;"H04L";14
"HU101";2004;"H04M";2
"HU101";2004;"H04N";4
"HU101";2004;"H04W";8
"HU101";2004;"H05H";1
"HU101";2004;"H05K";1
"HU101";2004;"Y02B";2
"HU101";2004;"Y02E";2
"HU101";2004;"Y02P";2
"HU101";2004;"Y02W";3
"HU101";2004;"Y10S";1
"HU101";2004;"Y10T";5
"HU102";2004;"A61B";1
"HU102";2004;"A61K";5
"HU102";2004;"B01J";2
"HU102";2004;"B01L";1
"HU102";2004;"B21C";1
"HU102";2004;"B21D";1
"HU102";2004;"B29C";2
"HU102";2004;"B29K";1
"HU102";2004;"B60R";1
"HU102";2004;"B65D";1
"HU102";2004;"C03C";1
"HU102";2004;"C07B";1
"HU102";2004;"C07C";4
"HU102";2004;"C07D";14
"HU102";2004;"C07F";1
"HU102";2004;"C07J";2
"HU102";2004;"C07K";1
"HU102";2004;"C08G";1
"HU102";2004;"C08J";1
"HU102";2004;"C10B";1
"HU102";2004;"C10G";1
"HU102";2004;"C12N";1
"HU102";2004;"C12P";1
"HU102";2004;"C22C";1
"HU102";2004;"C22F";1
"HU102";2004;"F04D";1
"HU102";2004;"F16C";1
"HU102";2004;"F16L";2
"HU102";2004;"G01N";2
"HU102";2004;"G01R";1
"HU102";2004;"G02B";1
"HU102";2004;"G05F";1
"HU102";2004;"G06F";1
"HU102";2004;"G06Q";1
"HU102";2004;"H01J";1
"HU102";2004;"H01K";2
"HU102";2004;"H02K";1
"HU102";2004;"H02M";1
"HU102";2004;"H03L";1
"HU102";2004;"H04L";5
"HU102";2004;"Y02B";2
"HU102";2004;"Y02P";2
"HU102";2004;"Y10S";1
"HU102";2004;"Y10T";2
"HU211";2004;"A61B";1
"HU211";2004;"A61F";1
"HU211";2004;"A61L";1
"HU211";2004;"B01D";1
"HU211";2004;"B29B";1
"HU211";2004;"B29C";1
"HU211";2004;"B65D";1
"HU211";2004;"G06F";1
"HU211";2004;"G09G";3
"HU211";2004;"H03D";1
"HU211";2004;"H03J";1
"HU211";2004;"H04L";1
"HU211";2004;"Y02W";1
"HU212";2004;"C02F";1
"HU212";2004;"C05F";1
"HU212";2004;"C07C";1
"HU212";2004;"C07J";1
"HU212";2004;"Y02E";1
"HU212";2004;"Y02P";1
"HU212";2004;"Y02W";1
"HU213";2004;"B64B";1
"HU213";2004;"C07C";1
"HU213";2004;"C07J";1
"HU213";2004;"C07K";1
"HU213";2004;"G01N";1
"HU213";2004;"G09G";1
"HU213";2004;"G11B";1
"HU221";2004;"A63C";1
"HU221";2004;"B29C";1
"HU221";2004;"B60B";1
"HU221";2004;"B60J";1
"HU222";2004;"C07D";1
"HU223";2004;"B29C";1
"HU231";2004;"B01L";1
"HU231";2004;"C07D";1
"HU231";2004;"F02M";1
"HU231";2004;"G01N";2
"HU232";2004;"A23C";1
"HU232";2004;"B29C";1
"HU232";2004;"B29K";1
"HU232";2004;"C08J";1
"HU232";2004;"F16L";1
"HU232";2004;"Y10T";1
"HU233";2004;"A61K";2
"HU233";2004;"C07D";1
"HU311";2004;"B24B";1
"HU311";2004;"B25F";2
"HU311";2004;"C08G";1
"HU311";2004;"C08K";1
"HU311";2004;"F02N";1
"HU311";2004;"F26B";1
"HU311";2004;"G02B";1
"HU311";2004;"H02K";1
"HU311";2004;"Y10S";1
"HU311";2004;"Y10T";1
"HU312";2004;"A61N";1
"HU321";2004;"A61K";7
"HU321";2004;"B01D";2
"HU321";2004;"B01J";2
"HU321";2004;"B21C";1
"HU321";2004;"C07C";3
"HU321";2004;"C07D";12
"HU321";2004;"C07H";4
"HU321";2004;"C07K";1
"HU321";2004;"C08F";1
"HU321";2004;"C12P";1
"HU321";2004;"C22C";1
"HU321";2004;"C22F";1
"HU321";2004;"F26B";1
"HU321";2004;"G01N";1
"HU321";2004;"H01J";1
"HU321";2004;"H01K";1
"HU321";2004;"Y10T";2
"HU322";2004;"A61K";1
"HU322";2004;"C02F";1
"HU322";2004;"C07D";1
"HU322";2004;"C07H";1
"HU322";2004;"G06Q";1
"HU322";2004;"H04L";1
"HU322";2004;"H04M";1
"HU322";2004;"Y02W";1
"HU323";2004;"A61K";1
"HU323";2004;"B01J";2
"HU323";2004;"C07C";2
"HU323";2004;"C07D";1
"HU323";2004;"C07H";1
"HU331";2004;"B01D";1
"HU331";2004;"B23B";1
"HU331";2004;"B24B";1
"HU331";2004;"F16J";2
"HU331";2004;"G06Q";1
"HU331";2004;"H04L";1
"HU331";2004;"H04M";1
"HU331";2004;"Y10T";1
"HU332";2004;"C07D";4
"HU332";2004;"H01J";2
"HU333";2004;"A61K";2
"HU333";2004;"A61L";1
"HU333";2004;"C02F";1
"HU333";2004;"C07D";1
"HU333";2004;"C07F";1
"HU333";2004;"C07K";1
"HU333";2004;"C12N";3
"HU333";2004;"C12Q";1
"HU333";2004;"E04H";2
"HU333";2004;"Y02E";1
"HUZZZ";2004;"B24B";1
"HU101";2005;"A01N";2
"HU101";2005;"A21D";1
"HU101";2005;"A23B";1
"HU101";2005;"A23K";2
"HU101";2005;"A23L";2
"HU101";2005;"A23V";1
"HU101";2005;"A44B";1
"HU101";2005;"A61B";2
"HU101";2005;"A61F";1
"HU101";2005;"A61K";12
"HU101";2005;"A61M";4
"HU101";2005;"A61N";2
"HU101";2005;"A61Q";1
"HU101";2005;"B01J";2
"HU101";2005;"B05B";1
"HU101";2005;"B22D";1
"HU101";2005;"B23K";1
"HU101";2005;"B28B";1
"HU101";2005;"B29B";1
"HU101";2005;"B29C";4
"HU101";2005;"B29D";1
"HU101";2005;"B29K";2
"HU101";2005;"B29L";2
"HU101";2005;"B32B";1
"HU101";2005;"B41M";1
"HU101";2005;"B60G";1
"HU101";2005;"B60R";1
"HU101";2005;"B60T";4
"HU101";2005;"B60W";2
"HU101";2005;"B62D";2
"HU101";2005;"B63B";1
"HU101";2005;"B65D";3
"HU101";2005;"B81C";1
"HU101";2005;"B82Y";1
"HU101";2005;"C02F";1
"HU101";2005;"C03C";3
"HU101";2005;"C04B";1
"HU101";2005;"C07B";1
"HU101";2005;"C07C";7
"HU101";2005;"C07D";26
"HU101";2005;"C07F";1
"HU101";2005;"C07J";1
"HU101";2005;"C07K";1
"HU101";2005;"C08G";1
"HU101";2005;"C09D";1
"HU101";2005;"C12N";1
"HU101";2005;"C12P";1
"HU101";2005;"C12Q";1
"HU101";2005;"C12Y";1
"HU101";2005;"C25B";3
"HU101";2005;"E04B";2
"HU101";2005;"E04C";1
"HU101";2005;"E05C";1
"HU101";2005;"F02B";2
"HU101";2005;"F02D";2
"HU101";2005;"F16D";1
"HU101";2005;"F16F";1
"HU101";2005;"F16H";4
"HU101";2005;"G01D";1
"HU101";2005;"G01N";1
"HU101";2005;"G01R";1
"HU101";2005;"G02B";1
"HU101";2005;"G06F";3
"HU101";2005;"G06Q";3
"HU101";2005;"G10L";1
"HU101";2005;"H01J";10
"HU101";2005;"H01K";3
"HU101";2005;"H01M";1
"HU101";2005;"H04L";12
"HU101";2005;"H04M";2
"HU101";2005;"H04Q";1
"HU101";2005;"H04R";1
"HU101";2005;"H04W";9
"HU101";2005;"H05B";1
"HU101";2005;"Y02B";4
"HU101";2005;"Y02E";1
"HU101";2005;"Y02P";1
"HU101";2005;"Y02T";2
"HU101";2005;"Y02W";1
"HU101";2005;"Y10S";1
"HU101";2005;"Y10T";7
"HU102";2005;"A01H";1
"HU102";2005;"A01N";2
"HU102";2005;"A21D";1
"HU102";2005;"A44B";1
"HU102";2005;"A61F";1
"HU102";2005;"A61K";4
"HU102";2005;"A61M";4
"HU102";2005;"B01D";1
"HU102";2005;"B01J";1
"HU102";2005;"B05B";1
"HU102";2005;"B22D";1
"HU102";2005;"B23K";2
"HU102";2005;"B28B";2
"HU102";2005;"B29C";2
"HU102";2005;"B29K";1
"HU102";2005;"B29L";1
"HU102";2005;"B41M";1
"HU102";2005;"B60G";1
"HU102";2005;"B60T";1
"HU102";2005;"B65D";1
"HU102";2005;"B81C";1
"HU102";2005;"C02F";1
"HU102";2005;"C03C";3
"HU102";2005;"C04B";3
"HU102";2005;"C07B";1
"HU102";2005;"C07C";7
"HU102";2005;"C07D";19
"HU102";2005;"C07F";1
"HU102";2005;"C07J";1
"HU102";2005;"C08G";1
"HU102";2005;"C09D";1
"HU102";2005;"C12Q";1
"HU102";2005;"C25B";3
"HU102";2005;"F16H";1
"HU102";2005;"G01D";1
"HU102";2005;"G01N";2
"HU102";2005;"G01R";1
"HU102";2005;"G02B";1
"HU102";2005;"G06F";1
"HU102";2005;"G06Q";2
"HU102";2005;"H01J";4
"HU102";2005;"H01K";2
"HU102";2005;"H01M";1
"HU102";2005;"H01R";1
"HU102";2005;"H04L";7
"HU102";2005;"H04M";1
"HU102";2005;"H04W";4
"HU102";2005;"Y02E";1
"HU102";2005;"Y10T";5
"HU211";2005;"A43B";1
"HU211";2005;"A43C";1
"HU211";2005;"A61K";1
"HU211";2005;"B65D";1
"HU211";2005;"E04F";1
"HU211";2005;"F16B";1
"HU211";2005;"G06Q";1
"HU211";2005;"H01F";1
"HU211";2005;"H04L";2
"HU211";2005;"H04M";1
"HU211";2005;"H04W";2
"HU212";2005;"B01J";1
"HU212";2005;"B81C";1
"HU212";2005;"C07C";1
"HU212";2005;"C07D";1
"HU212";2005;"C25B";2
"HU213";2005;"C07B";1
"HU213";2005;"C07D";1
"HU213";2005;"C08L";1
"HU221";2005;"A21D";1
"HU221";2005;"B29C";1
"HU221";2005;"B60K";1
"HU221";2005;"C07D";1
"HU221";2005;"C12Q";1
"HU221";2005;"F02N";1
"HU221";2005;"F16D";1
"HU221";2005;"Y02T";1
"HU222";2005;"C07D";2
"HU223";2005;"B29C";1
"HU223";2005;"C07B";1
"HU223";2005;"C07D";1
"HU223";2005;"C08L";1
"HU223";2005;"G02B";1
"HU231";2005;"B41J";1
"HU231";2005;"B65B";1
"HU231";2005;"C12Q";2
"HU231";2005;"H04W";1
"HU233";2005;"C07D";1
"HU311";2005;"B25F";1
"HU311";2005;"B27B";2
"HU311";2005;"B27C";1
"HU311";2005;"C07D";1
"HU311";2005;"F41A";1
"HU312";2005;"C07C";1
"HU312";2005;"C07D";3
"HU312";2005;"H01F";1
"HU321";2005;"A21D";1
"HU321";2005;"A23K";1
"HU321";2005;"A23L";1
"HU321";2005;"A23V";1
"HU321";2005;"A61K";5
"HU321";2005;"A61Q";1
"HU321";2005;"C07B";1
"HU321";2005;"C07C";6
"HU321";2005;"C07D";9
"HU321";2005;"C07F";1
"HU321";2005;"C12Q";2
"HU323";2005;"A61K";1
"HU323";2005;"C07C";2
"HU323";2005;"C07D";7
"HU323";2005;"C08L";1
"HU331";2005;"B01D";1
"HU331";2005;"B60T";2
"HU331";2005;"B65B";1
"HU331";2005;"B65D";1
"HU331";2005;"E03F";1
"HU331";2005;"F04D";1
"HU331";2005;"F15B";1
"HU331";2005;"G11B";1
"HU331";2005;"H04L";2
"HU332";2005;"A01G";1
"HU332";2005;"C08L";1
"HU332";2005;"F41A";1
"HU333";2005;"A01M";1
"HU333";2005;"A61B";1
"HU333";2005;"A61K";2
"HU333";2005;"B01F";1
"HU333";2005;"B01J";1
"HU333";2005;"B01L";1
"HU333";2005;"C12M";1
"HU333";2005;"C12N";3
"HU333";2005;"C12P";2
"HU333";2005;"C12R";2
"HU333";2005;"E01H";1
"HU333";2005;"F04B";1
"HU333";2005;"G01H";1
"HU333";2005;"G01N";2
"HU333";2005;"G02B";1
"HU333";2005;"G06K";1
"HU333";2005;"H04L";1
"HUZZZ";2005;"A61K";1
"HUZZZ";2005;"C07C";2
"HUZZZ";2005;"C07D";3
"HU101";2006;"A01N";2
"HU101";2006;"A61B";1
"HU101";2006;"A61K";9
"HU101";2006;"A62C";1
"HU101";2006;"A63B";1
"HU101";2006;"A63G";1
"HU101";2006;"B01D";2
"HU101";2006;"B01F";1
"HU101";2006;"B01J";1
"HU101";2006;"B21D";1
"HU101";2006;"B25B";1
"HU101";2006;"B25J";1
"HU101";2006;"B29B";1
"HU101";2006;"B29C";1
"HU101";2006;"B29K";2
"HU101";2006;"B29L";1
"HU101";2006;"B60G";2
"HU101";2006;"B60H";1
"HU101";2006;"B60R";3
"HU101";2006;"B60T";5
"HU101";2006;"B60W";3
"HU101";2006;"B62D";2
"HU101";2006;"B62J";1
"HU101";2006;"B65D";1
"HU101";2006;"B81B";1
"HU101";2006;"B81C";1
"HU101";2006;"B82Y";1
"HU101";2006;"C01B";1
"HU101";2006;"C07B";1
"HU101";2006;"C07C";6
"HU101";2006;"C07D";17
"HU101";2006;"C07F";1
"HU101";2006;"C07J";2
"HU101";2006;"C07K";2
"HU101";2006;"C08J";1
"HU101";2006;"C12N";1
"HU101";2006;"D06F";1
"HU101";2006;"E03B";1
"HU101";2006;"E03D";1
"HU101";2006;"E04H";1
"HU101";2006;"E05F";1
"HU101";2006;"E05Y";1
"HU101";2006;"F02B";1
"HU101";2006;"F02D";1
"HU101";2006;"F02M";1
"HU101";2006;"F16F";2
"HU101";2006;"F16K";2
"HU101";2006;"F16L";1
"HU101";2006;"F21S";1
"HU101";2006;"G01F";1
"HU101";2006;"G01L";2
"HU101";2006;"G01N";6
"HU101";2006;"G01S";1
"HU101";2006;"G02B";3
"HU101";2006;"G03H";5
"HU101";2006;"G05B";1
"HU101";2006;"G06F";4
"HU101";2006;"G06N";1
"HU101";2006;"G06Q";1
"HU101";2006;"G08G";1
"HU101";2006;"G10L";1
"HU101";2006;"G11B";8
"HU101";2006;"G21K";1
"HU101";2006;"H01J";2
"HU101";2006;"H01L";1
"HU101";2006;"H01R";1
"HU101";2006;"H02B";1
"HU101";2006;"H04L";28
"HU101";2006;"H04M";3
"HU101";2006;"H04N";3
"HU101";2006;"H04Q";1
"HU101";2006;"H04W";22
"HU101";2006;"H05B";1
"HU101";2006;"H05K";1
"HU101";2006;"Y02B";1
"HU101";2006;"Y02P";1
"HU101";2006;"Y02T";1
"HU101";2006;"Y02W";1
"HU101";2006;"Y10S";2
"HU101";2006;"Y10T";4
"HU102";2006;"A01K";3
"HU102";2006;"A01N";1
"HU102";2006;"A61B";3
"HU102";2006;"A61K";9
"HU102";2006;"A61N";2
"HU102";2006;"B01D";1
"HU102";2006;"B01J";1
"HU102";2006;"B01L";1
"HU102";2006;"B28B";2
"HU102";2006;"B29B";1
"HU102";2006;"B29K";1
"HU102";2006;"B60R";1
"HU102";2006;"B65G";1
"HU102";2006;"B81B";1
"HU102";2006;"B81C";1
"HU102";2006;"C01B";1
"HU102";2006;"C04B";3
"HU102";2006;"C07B";1
"HU102";2006;"C07C";5
"HU102";2006;"C07D";13
"HU102";2006;"C07J";1
"HU102";2006;"C07K";4
"HU102";2006;"C08J";1
"HU102";2006;"C12N";3
"HU102";2006;"E04C";1
"HU102";2006;"E06B";1
"HU102";2006;"F01N";1
"HU102";2006;"F03G";1
"HU102";2006;"F16K";1
"HU102";2006;"F21S";1
"HU102";2006;"F26B";2
"HU102";2006;"F27B";1
"HU102";2006;"F27D";5
"HU102";2006;"G01L";1
"HU102";2006;"G01M";1
"HU102";2006;"G01N";3
"HU102";2006;"G02B";1
"HU102";2006;"G03H";2
"HU102";2006;"G06F";5
"HU102";2006;"G06N";1
"HU102";2006;"G11B";2
"HU102";2006;"H04L";10
"HU102";2006;"H04N";1
"HU102";2006;"H04W";8
"HU102";2006;"H05B";1
"HU102";2006;"Y02E";1
"HU102";2006;"Y02P";2
"HU102";2006;"Y02W";1
"HU102";2006;"Y10S";1
"HU102";2006;"Y10T";2
"HU211";2006;"B01D";1
"HU211";2006;"B29C";1
"HU211";2006;"B29K";1
"HU211";2006;"B29L";1
"HU211";2006;"C07H";1
"HU211";2006;"H04L";3
"HU211";2006;"H04M";1
"HU211";2006;"H04W";1
"HU212";2006;"A61F";1
"HU212";2006;"C07D";3
"HU212";2006;"F16D";1
"HU212";2006;"F16L";1
"HU213";2006;"A61K";1
"HU213";2006;"B60W";1
"HU213";2006;"C10B";1
"HU213";2006;"F24J";1
"HU213";2006;"G03H";3
"HU213";2006;"G04B";1
"HU213";2006;"G08G";1
"HU213";2006;"G11B";4
"HU213";2006;"Y02B";1
"HU213";2006;"Y02E";1
"HU213";2006;"Y02P";1
"HU221";2006;"A01G";1
"HU221";2006;"B25J";1
"HU221";2006;"B32B";1
"HU221";2006;"C10B";1
"HU221";2006;"C12Q";2
"HU221";2006;"E05C";1
"HU221";2006;"E05F";1
"HU221";2006;"E05Y";1
"HU221";2006;"G01L";1
"HU221";2006;"G06F";1
"HU221";2006;"Y02P";1
"HU221";2006;"Y10T";1
"HU222";2006;"A61K";1
"HU223";2006;"G01N";1
"HU231";2006;"A23L";1
"HU231";2006;"A23V";1
"HU231";2006;"A61K";2
"HU231";2006;"B60S";1
"HU231";2006;"B62D";1
"HU231";2006;"G01N";2
"HU231";2006;"G03H";3
"HU231";2006;"G11B";4
"HU231";2006;"H04L";5
"HU231";2006;"H04M";1
"HU231";2006;"H04W";1
"HU231";2006;"Y10S";1
"HU232";2006;"E04H";1
"HU232";2006;"G06F";1
"HU311";2006;"B09B";1
"HU311";2006;"B22D";1
"HU311";2006;"B22F";1
"HU311";2006;"B23D";1
"HU311";2006;"B25F";2
"HU311";2006;"C22C";1
"HU311";2006;"G01N";1
"HU311";2006;"G06Q";1
"HU311";2006;"Y10T";3
"HU312";2006;"A46B";1
"HU312";2006;"B23K";1
"HU312";2006;"C03C";1
"HU312";2006;"H04L";1
"HU313";2006;"A01K";3
"HU313";2006;"A61K";3
"HU313";2006;"C07K";3
"HU313";2006;"C12N";3
"HU321";2006;"A61B";1
"HU321";2006;"A61K";4
"HU321";2006;"A61Q";1
"HU321";2006;"B01D";1
"HU321";2006;"B09B";1
"HU321";2006;"C01C";1
"HU321";2006;"C02F";1
"HU321";2006;"C07D";8
"HU321";2006;"C07F";4
"HU321";2006;"C07H";1
"HU321";2006;"C07K";1
"HU321";2006;"C12Q";1
"HU321";2006;"G01N";1
"HU321";2006;"G06Q";1
"HU321";2006;"G10L";1
"HU321";2006;"H04L";1
"HU321";2006;"Y10S";1
"HU322";2006;"A61K";1
"HU322";2006;"C07D";2
"HU323";2006;"A61K";1
"HU323";2006;"A61Q";1
"HU323";2006;"B29D";1
"HU323";2006;"C07D";9
"HU323";2006;"C07H";1
"HU323";2006;"C10B";1
"HU323";2006;"F16F";1
"HU323";2006;"F24J";1
"HU323";2006;"Y02B";1
"HU323";2006;"Y02E";1
"HU323";2006;"Y02P";1
"HU331";2006;"B60Q";1
"HU331";2006;"E04G";1
"HU331";2006;"E06C";1
"HU331";2006;"G08B";1
"HU331";2006;"H04L";4
"HU331";2006;"H04M";1
"HU331";2006;"H04W";2
"HU332";2006;"C02F";1
"HU332";2006;"C07D";1
"HU332";2006;"F25B";1
"HU332";2006;"G01N";1
"HU332";2006;"G07F";1
"HU332";2006;"Y02W";1
"HU333";2006;"A23L";1
"HU333";2006;"A23V";1
"HU333";2006;"A61K";3
"HU333";2006;"B23K";1
"HU333";2006;"C03C";1
"HU333";2006;"C04B";1
"HU333";2006;"C07B";1
"HU333";2006;"C07C";1
"HU333";2006;"C07D";1
"HU333";2006;"C07H";1
"HU333";2006;"C07K";1
"HU333";2006;"C12N";1
"HU333";2006;"C12P";1
"HU333";2006;"C12R";1
"HU333";2006;"C21D";1
"HU333";2006;"F23M";1
"HU333";2006;"F27D";1
"HU333";2006;"G01N";3
"HU333";2006;"H01R";2
"HU333";2006;"H04L";2
"HU333";2006;"H04W";1
"HU333";2006;"Y10S";1
"HUZZZ";2006;"C07J";1
"HU101";2007;"A01M";1
"HU101";2007;"A21B";2
"HU101";2007;"A23C";2
"HU101";2007;"A23D";1
"HU101";2007;"A23G";1
"HU101";2007;"A23K";1
"HU101";2007;"A23L";1
"HU101";2007;"A23V";1
"HU101";2007;"A47C";1
"HU101";2007;"A47J";1
"HU101";2007;"A47K";1
"HU101";2007;"A61F";1
"HU101";2007;"A61K";18
"HU101";2007;"A61N";2
"HU101";2007;"A61Q";1
"HU101";2007;"B01D";2
"HU101";2007;"B01J";1
"HU101";2007;"B01L";1
"HU101";2007;"B05B";1
"HU101";2007;"B24B";1
"HU101";2007;"B25F";1
"HU101";2007;"B25J";1
"HU101";2007;"B29C";1
"HU101";2007;"B29D";1
"HU101";2007;"B29K";1
"HU101";2007;"B29L";1
"HU101";2007;"B60B";1
"HU101";2007;"B60G";1
"HU101";2007;"B60Q";1
"HU101";2007;"B60T";1
"HU101";2007;"B62D";1
"HU101";2007;"B65D";1
"HU101";2007;"B82Y";2
"HU101";2007;"C01B";3
"HU101";2007;"C02F";4
"HU101";2007;"C07C";3
"HU101";2007;"C07D";10
"HU101";2007;"C07F";1
"HU101";2007;"C07J";2
"HU101";2007;"C08G";1
"HU101";2007;"C09D";1
"HU101";2007;"C09J";1
"HU101";2007;"C09K";5
"HU101";2007;"C10G";1
"HU101";2007;"C10L";1
"HU101";2007;"C11C";1
"HU101";2007;"C12M";1
"HU101";2007;"C12N";1
"HU101";2007;"E02D";2
"HU101";2007;"E06B";1
"HU101";2007;"F01C";1
"HU101";2007;"F02B";1
"HU101";2007;"F03G";1
"HU101";2007;"F16C";1
"HU101";2007;"F16F";1
"HU101";2007;"F16H";1
"HU101";2007;"F16L";1
"HU101";2007;"F24F";1
"HU101";2007;"F24J";1
"HU101";2007;"G01B";1
"HU101";2007;"G01C";1
"HU101";2007;"G01G";1
"HU101";2007;"G01L";1
"HU101";2007;"G01N";3
"HU101";2007;"G01R";1
"HU101";2007;"G02B";2
"HU101";2007;"G02F";1
"HU101";2007;"G06F";3
"HU101";2007;"G06Q";3
"HU101";2007;"G07F";1
"HU101";2007;"G08B";1
"HU101";2007;"G08G";1
"HU101";2007;"G11B";6
"HU101";2007;"H01F";1
"HU101";2007;"H01J";13
"HU101";2007;"H01M";2
"HU101";2007;"H02J";4
"HU101";2007;"H04H";2
"HU101";2007;"H04J";1
"HU101";2007;"H04L";32
"HU101";2007;"H04N";2
"HU101";2007;"H04Q";1
"HU101";2007;"H04W";23
"HU101";2007;"H05K";1
"HU101";2007;"Y02B";7
"HU101";2007;"Y02E";3
"HU101";2007;"Y02P";3
"HU101";2007;"Y02T";1
"HU101";2007;"Y02W";2
"HU101";2007;"Y10S";1
"HU101";2007;"Y10T";3
"HU102";2007;"A01M";1
"HU102";2007;"A21B";2
"HU102";2007;"A47J";1
"HU102";2007;"A61B";3
"HU102";2007;"A61K";3
"HU102";2007;"A61N";1
"HU102";2007;"B01L";1
"HU102";2007;"B25J";1
"HU102";2007;"B60R";1
"HU102";2007;"B60T";2
"HU102";2007;"B65D";1
"HU102";2007;"C02F";2
"HU102";2007;"C04B";2
"HU102";2007;"C07C";3
"HU102";2007;"C07D";7
"HU102";2007;"C07J";2
"HU102";2007;"C08G";1
"HU102";2007;"C08L";1
"HU102";2007;"C09D";1
"HU102";2007;"C09K";3
"HU102";2007;"C12M";1
"HU102";2007;"C12P";1
"HU102";2007;"C12Q";1
"HU102";2007;"E01C";1
"HU102";2007;"F17C";1
"HU102";2007;"F27B";1
"HU102";2007;"F27D";2
"HU102";2007;"G01B";1
"HU102";2007;"G01L";1
"HU102";2007;"G01N";2
"HU102";2007;"G02B";1
"HU102";2007;"G02F";1
"HU102";2007;"G06Q";1
"HU102";2007;"G07F";1
"HU102";2007;"G11B";2
"HU102";2007;"H01J";9
"HU102";2007;"H01M";1
"HU102";2007;"H02J";1
"HU102";2007;"H04J";1
"HU102";2007;"H04L";17
"HU102";2007;"H04N";1
"HU102";2007;"H04Q";3
"HU102";2007;"H04R";1
"HU102";2007;"H04W";8
"HU102";2007;"H05B";1
"HU102";2007;"Y02B";4
"HU102";2007;"Y02E";1
"HU102";2007;"Y02P";1
"HU102";2007;"Y02W";1
"HU102";2007;"Y10S";1
"HU102";2007;"Y10T";3
"HU211";2007;"A61K";2
"HU211";2007;"C07H";1
"HU211";2007;"C07J";1
"HU211";2007;"C07K";1
"HU211";2007;"C10G";1
"HU211";2007;"C10L";1
"HU211";2007;"C11C";1
"HU211";2007;"D01D";1
"HU211";2007;"F03D";1
"HU211";2007;"F05B";1
"HU211";2007;"G02B";1
"HU211";2007;"Y02B";1
"HU211";2007;"Y02E";2
"HU211";2007;"Y02P";2
"HU212";2007;"A01M";1
"HU212";2007;"C07D";1
"HU212";2007;"G07F";1
"HU213";2007;"B01L";1
"HU213";2007;"B60P";1
"HU213";2007;"B60Q";1
"HU213";2007;"B60T";2
"HU213";2007;"C07C";1
"HU213";2007;"C08F";1
"HU213";2007;"C08G";1
"HU213";2007;"C08L";1
"HU213";2007;"F01C";1
"HU213";2007;"G11B";2
"HU213";2007;"H01M";1
"HU213";2007;"H02J";1
"HU213";2007;"Y10T";2
"HU221";2007;"A61K";2
"HU221";2007;"B60J";2
"HU221";2007;"C07D";2
"HU221";2007;"E05C";1
"HU221";2007;"E06B";1
"HU221";2007;"H04L";1
"HU221";2007;"H04W";1
"HU221";2007;"Y10T";2
"HU222";2007;"A61K";1
"HU222";2007;"B65F";1
"HU222";2007;"D06F";1
"HU222";2007;"G01N";1
"HU222";2007;"G02B";1
"HU223";2007;"A61K";1
"HU223";2007;"B01D";1
"HU223";2007;"B66C";1
"HU223";2007;"B66F";1
"HU223";2007;"C02F";1
"HU223";2007;"G01F";1
"HU223";2007;"H01J";1
"HU223";2007;"Y02W";1
"HU231";2007;"A21D";1
"HU231";2007;"A23C";1
"HU231";2007;"A23L";1
"HU231";2007;"A23V";1
"HU231";2007;"A61B";3
"HU231";2007;"A61F";1
"HU231";2007;"A61K";1
"HU231";2007;"B01J";1
"HU231";2007;"B09C";1
"HU231";2007;"C07D";2
"HU231";2007;"E03B";1
"HU231";2007;"E21B";1
"HU231";2007;"G01N";1
"HU231";2007;"G02B";1
"HU231";2007;"G11B";2
"HU231";2007;"H01J";2
"HU231";2007;"H04L";4
"HU231";2007;"H04W";2
"HU232";2007;"A23C";1
"HU232";2007;"A61B";1
"HU232";2007;"A61F";1
"HU232";2007;"F28D";1
"HU232";2007;"F28F";1
"HU233";2007;"A01K";1
"HU233";2007;"A61K";1
"HU311";2007;"A01G";2
"HU311";2007;"A47C";1
"HU311";2007;"A61B";1
"HU311";2007;"A61K";1
"HU311";2007;"B23D";1
"HU311";2007;"B24B";1
"HU311";2007;"B25F";2
"HU311";2007;"C02F";1
"HU311";2007;"C05F";1
"HU311";2007;"D01D";1
"HU311";2007;"E04D";1
"HU311";2007;"F02N";1
"HU311";2007;"F23C";1
"HU311";2007;"F23G";1
"HU311";2007;"G06F";1
"HU311";2007;"H01H";1
"HU311";2007;"H01L";1
"HU311";2007;"H02S";1
"HU311";2007;"H04L";1
"HU311";2007;"Y02B";1
"HU311";2007;"Y02E";2
"HU311";2007;"Y02P";1
"HU311";2007;"Y02W";2
"HU312";2007;"A61H";1
"HU312";2007;"A61K";1
"HU312";2007;"C12N";1
"HU312";2007;"G01B";1
"HU312";2007;"G01N";1
"HU321";2007;"A23L";1
"HU321";2007;"A23V";1
"HU321";2007;"A47G";1
"HU321";2007;"A61K";3
"HU321";2007;"A61M";1
"HU321";2007;"B01D";1
"HU321";2007;"B82Y";1
"HU321";2007;"C01B";1
"HU321";2007;"C01P";1
"HU321";2007;"C07B";1
"HU321";2007;"C07C";1
"HU321";2007;"C07D";2
"HU321";2007;"C07H";1
"HU321";2007;"C07K";3
"HU321";2007;"C12P";3
"HU321";2007;"G01N";2
"HU321";2007;"Y10S";1
"HU321";2007;"Y10T";2
"HU322";2007;"A01B";1
"HU322";2007;"A01D";2
"HU322";2007;"B01D";1
"HU322";2007;"B29B";1
"HU322";2007;"C02F";2
"HU322";2007;"C07H";1
"HU322";2007;"C08J";1
"HU322";2007;"C09J";1
"HU322";2007;"C12M";1
"HU322";2007;"E04C";1
"HU322";2007;"Y02E";1
"HU322";2007;"Y02W";1
"HU322";2007;"Y10T";1
"HU323";2007;"A47C";1
"HU323";2007;"A47G";1
"HU323";2007;"C07D";1
"HU323";2007;"C07J";1
"HU323";2007;"D04H";1
"HU323";2007;"E04B";1
"HU323";2007;"E04C";1
"HU323";2007;"F24D";1
"HU323";2007;"F24J";1
"HU323";2007;"F28D";1
"HU323";2007;"Y02B";1
"HU323";2007;"Y02E";1
"HU323";2007;"Y10T";1
"HU331";2007;"A01K";1
"HU331";2007;"A23L";1
"HU331";2007;"A61B";1
"HU331";2007;"B60G";3
"HU331";2007;"B60T";1
"HU331";2007;"B65D";1
"HU331";2007;"B82Y";1
"HU331";2007;"C07C";1
"HU331";2007;"C07K";1
"HU331";2007;"C08F";1
"HU331";2007;"C08J";1
"HU331";2007;"C08L";1
"HU331";2007;"C12N";1
"HU331";2007;"E04G";1
"HU331";2007;"F16K";1
"HU331";2007;"H04L";4
"HU331";2007;"Y10T";1
"HU332";2007;"A01D";2
"HU332";2007;"A23C";1
"HU332";2007;"C07D";1
"HU333";2007;"A01K";1
"HU333";2007;"A61B";1
"HU333";2007;"A61K";3
"HU333";2007;"B01F";1
"HU333";2007;"B28B";1
"HU333";2007;"B82Y";2
"HU333";2007;"C04B";1
"HU333";2007;"C07D";1
"HU333";2007;"C07F";1
"HU333";2007;"C07H";2
"HU333";2007;"C07K";1
"HU333";2007;"C08F";1
"HU333";2007;"C08J";1
"HU333";2007;"C08L";1
"HU333";2007;"C09K";1
"HU333";2007;"C12N";1
"HU333";2007;"E04C";1
"HU333";2007;"G01N";2
"HU333";2007;"G02B";2
"HU333";2007;"H04L";3
"HU333";2007;"H04W";3
"HU333";2007;"Y02P";2
"HUZZZ";2007;"C07D";1
"HU101";2008;"A23K";5
"HU101";2008;"A23L";2
"HU101";2008;"A43B";1
"HU101";2008;"A47B";1
"HU101";2008;"A47C";1
"HU101";2008;"A47F";1
"HU101";2008;"A47J";1
"HU101";2008;"A47L";1
"HU101";2008;"A61B";1
"HU101";2008;"A61F";3
"HU101";2008;"A61K";17
"HU101";2008;"A61L";2
"HU101";2008;"A61M";1
"HU101";2008;"A61N";2
"HU101";2008;"A63J";1
"HU101";2008;"B01J";2
"HU101";2008;"B29C";1
"HU101";2008;"B29K";1
"HU101";2008;"B41M";1
"HU101";2008;"B42D";1
"HU101";2008;"B60R";1
"HU101";2008;"B60S";2
"HU101";2008;"B60T";8
"HU101";2008;"B60W";1
"HU101";2008;"B64F";1
"HU101";2008;"B65D";1
"HU101";2008;"B82Y";1
"HU101";2008;"C02F";1
"HU101";2008;"C03C";1
"HU101";2008;"C07B";1
"HU101";2008;"C07C";5
"HU101";2008;"C07D";9
"HU101";2008;"C07K";3
"HU101";2008;"C08K";1
"HU101";2008;"C09B";1
"HU101";2008;"C10G";1
"HU101";2008;"C10L";1
"HU101";2008;"C11C";1
"HU101";2008;"C12N";4
"HU101";2008;"C12P";2
"HU101";2008;"C12Y";2
"HU101";2008;"D06M";2
"HU101";2008;"D06P";1
"HU101";2008;"D21C";1
"HU101";2008;"E03B";1
"HU101";2008;"E04G";2
"HU101";2008;"E04H";1
"HU101";2008;"E21B";1
"HU101";2008;"F02B";4
"HU101";2008;"F02D";4
"HU101";2008;"F02M";1
"HU101";2008;"F02N";1
"HU101";2008;"F05B";1
"HU101";2008;"F15B";1
"HU101";2008;"F16B";3
"HU101";2008;"F16D";4
"HU101";2008;"F16F";2
"HU101";2008;"F16J";1
"HU101";2008;"F16K";2
"HU101";2008;"F21K";1
"HU101";2008;"F21V";1
"HU101";2008;"F21Y";1
"HU101";2008;"F24D";1
"HU101";2008;"F24H";1
"HU101";2008;"G01D";1
"HU101";2008;"G01F";1
"HU101";2008;"G01N";3
"HU101";2008;"G02B";5
"HU101";2008;"G02F";1
"HU101";2008;"G03B";1
"HU101";2008;"G03H";4
"HU101";2008;"G06F";3
"HU101";2008;"G09B";1
"HU101";2008;"G09G";1
"HU101";2008;"G11B";4
"HU101";2008;"G11C";2
"HU101";2008;"G21K";1
"HU101";2008;"H01B";1
"HU101";2008;"H01H";1
"HU101";2008;"H01J";9
"HU101";2008;"H01L";1
"HU101";2008;"H01R";1
"HU101";2008;"H02H";1
"HU101";2008;"H04L";34
"HU101";2008;"H04M";1
"HU101";2008;"H04N";1
"HU101";2008;"H04Q";3
"HU101";2008;"H04W";18
"HU101";2008;"H05B";2
"HU101";2008;"H05K";2
"HU101";2008;"Y02B";5
"HU101";2008;"Y02E";1
"HU101";2008;"Y02P";3
"HU101";2008;"Y02T";4
"HU101";2008;"Y10T";6
"HU102";2008;"A23K";3
"HU102";2008;"A23L";2
"HU102";2008;"A43B";1
"HU102";2008;"A47J";1
"HU102";2008;"A61B";5
"HU102";2008;"A61F";2
"HU102";2008;"A61H";1
"HU102";2008;"A61K";4
"HU102";2008;"A61M";1
"HU102";2008;"A61N";7
"HU102";2008;"B01J";2
"HU102";2008;"B29C";1
"HU102";2008;"B29K";1
"HU102";2008;"B41M";1
"HU102";2008;"B60R";1
"HU102";2008;"B60T";3
"HU102";2008;"B64F";1
"HU102";2008;"B65D";1
"HU102";2008;"C02F";1
"HU102";2008;"C03C";1
"HU102";2008;"C04B";1
"HU102";2008;"C07C";2
"HU102";2008;"C07D";3
"HU102";2008;"C08K";1
"HU102";2008;"C12N";1
"HU102";2008;"C12Q";1
"HU102";2008;"E03B";1
"HU102";2008;"E04G";1
"HU102";2008;"E21B";1
"HU102";2008;"F03D";1
"HU102";2008;"F05B";1
"HU102";2008;"F16D";1
"HU102";2008;"F16J";1
"HU102";2008;"F16K";1
"HU102";2008;"F21K";1
"HU102";2008;"F21V";1
"HU102";2008;"F21Y";1
"HU102";2008;"G01F";1
"HU102";2008;"G01N";1
"HU102";2008;"G02B";2
"HU102";2008;"G02F";1
"HU102";2008;"G03B";1
"HU102";2008;"G06F";1
"HU102";2008;"G06K";1
"HU102";2008;"G06T";1
"HU102";2008;"H01B";1
"HU102";2008;"H01H";1
"HU102";2008;"H01J";6
"HU102";2008;"H01R";2
"HU102";2008;"H02K";1
"HU102";2008;"H04L";20
"HU102";2008;"H04N";1
"HU102";2008;"H04Q";1
"HU102";2008;"H04W";11
"HU102";2008;"H05B";2
"HU102";2008;"Y02B";3
"HU102";2008;"Y02E";1
"HU102";2008;"Y02P";1
"HU102";2008;"Y10T";2
"HU211";2008;"B29B";1
"HU211";2008;"B29L";1
"HU211";2008;"B65D";1
"HU211";2008;"C07H";1
"HU211";2008;"H01R";1
"HU211";2008;"H04L";1
"HU211";2008;"H04W";1
"HU211";2008;"Y02W";1
"HU211";2008;"Y10T";1
"HU212";2008;"A61K";1
"HU212";2008;"B01D";1
"HU212";2008;"C07C";1
"HU212";2008;"C12N";1
"HU212";2008;"F21K";1
"HU212";2008;"F21V";1
"HU212";2008;"F21Y";1
"HU212";2008;"G02B";1
"HU212";2008;"H01J";3
"HU212";2008;"H05B";1
"HU212";2008;"Y02B";3
"HU213";2008;"A61L";1
"HU213";2008;"B62J";1
"HU213";2008;"B82Y";1
"HU213";2008;"C08J";1
"HU213";2008;"C08K";1
"HU213";2008;"G03H";4
"HU213";2008;"G11B";4
"HU213";2008;"G11C";2
"HU213";2008;"H02H";1
"HU213";2008;"H05B";1
"HU213";2008;"Y02B";1
"HU221";2008;"A47F";1
"HU221";2008;"A47K";2
"HU221";2008;"B29C";5
"HU221";2008;"B29K";5
"HU221";2008;"B29L";1
"HU221";2008;"B32B";1
"HU221";2008;"B65D";1
"HU221";2008;"C07D";1
"HU221";2008;"C08J";1
"HU221";2008;"C08K";1
"HU221";2008;"C08L";1
"HU221";2008;"C09D";1
"HU221";2008;"E04B";1
"HU221";2008;"Y10T";5
"HU222";2008;"G06F";1
"HU222";2008;"H01L";1
"HU223";2008;"A47F";1
"HU223";2008;"A47K";2
"HU223";2008;"B29C";5
"HU223";2008;"B29K";5
"HU223";2008;"B29L";1
"HU223";2008;"B65D";1
"HU223";2008;"C12C";1
"HU223";2008;"F24D";1
"HU223";2008;"F24F";1
"HU223";2008;"F24H";1
"HU223";2008;"F25B";1
"HU223";2008;"H01J";2
"HU223";2008;"Y02B";3
"HU223";2008;"Y10T";4
"HU231";2008;"A61K";3
"HU231";2008;"C07K";1
"HU231";2008;"C12Q";1
"HU231";2008;"F02B";2
"HU231";2008;"F02D";2
"HU231";2008;"G01N";1
"HU231";2008;"G03H";4
"HU231";2008;"G11B";4
"HU231";2008;"G11C";2
"HU231";2008;"H01F";1
"HU231";2008;"H04L";2
"HU231";2008;"Y02T";2
"HU232";2008;"G01N";1
"HU233";2008;"A61K";1
"HU233";2008;"B01J";1
"HU233";2008;"C07C";1
"HU233";2008;"C12Q";1
"HU233";2008;"G01N";1
"HU311";2008;"A61F";1
"HU311";2008;"A61K";1
"HU311";2008;"A61L";1
"HU311";2008;"A61N";1
"HU311";2008;"B22D";1
"HU311";2008;"B22F";1
"HU311";2008;"B23D";2
"HU311";2008;"B24B";4
"HU311";2008;"B25F";2
"HU311";2008;"C07C";1
"HU311";2008;"C10J";1
"HU311";2008;"C22C";1
"HU311";2008;"Y02E";1
"HU311";2008;"Y02P";1
"HU311";2008;"Y10T";1
"HU312";2008;"C02F";1
"HU312";2008;"G06F";1
"HU312";2008;"H04L";1
"HU312";2008;"H04W";1
"HU312";2008;"Y02W";1
"HU313";2008;"A61K";1
"HU321";2008;"A61L";1
"HU321";2008;"A62C";1
"HU321";2008;"B08B";1
"HU321";2008;"B29B";1
"HU321";2008;"B29L";1
"HU321";2008;"C07H";1
"HU321";2008;"C07K";2
"HU321";2008;"C12Q";1
"HU321";2008;"E04C";1
"HU321";2008;"F16F";1
"HU321";2008;"F24F";1
"HU321";2008;"G01N";2
"HU321";2008;"H01L";1
"HU321";2008;"H04R";1
"HU321";2008;"Y02B";1
"HU321";2008;"Y02E";1
"HU321";2008;"Y02W";1
"HU321";2008;"Y10T";1
"HU322";2008;"A61K";1
"HU322";2008;"B29C";1
"HU322";2008;"B29K";1
"HU322";2008;"B60T";2
"HU322";2008;"C07D";1
"HU322";2008;"H01B";1
"HU322";2008;"H01J";1
"HU323";2008;"C07B";1
"HU323";2008;"C07C";1
"HU323";2008;"C07D";1
"HU323";2008;"C07K";1
"HU323";2008;"C10J";1
"HU323";2008;"Y02E";1
"HU323";2008;"Y02P";1
"HU331";2008;"A01B";1
"HU331";2008;"A22C";1
"HU331";2008;"A23L";1
"HU331";2008;"B01D";1
"HU331";2008;"B60G";1
"HU331";2008;"B60T";4
"HU331";2008;"B62D";1
"HU331";2008;"F15B";1
"HU331";2008;"F16D";2
"HU331";2008;"G01C";1
"HU331";2008;"G01J";1
"HU331";2008;"G06F";1
"HU331";2008;"H01S";2
"HU331";2008;"H04L";6
"HU332";2008;"B82Y";1
"HU332";2008;"C07D";3
"HU332";2008;"C08J";1
"HU332";2008;"C08K";1
"HU332";2008;"H04L";1
"HU332";2008;"H04W";1
"HU333";2008;"A61F";1
"HU333";2008;"A61K";5
"HU333";2008;"A61L";1
"HU333";2008;"A63B";1
"HU333";2008;"B01J";1
"HU333";2008;"B23D";1
"HU333";2008;"B82Y";2
"HU333";2008;"C04B";2
"HU333";2008;"C07K";2
"HU333";2008;"C08J";1
"HU333";2008;"C08K";1
"HU333";2008;"C11D";1
"HU333";2008;"C12N";3
"HU333";2008;"E04B";1
"HU333";2008;"F27D";1
"HU333";2008;"G01J";1
"HU333";2008;"G01N";1
"HU333";2008;"G02B";1
"HU333";2008;"H01S";2
"HU333";2008;"H04L";4
"HU333";2008;"H04W";4
"HU333";2008;"Y02W";1
"HU333";2008;"Y10T";1
"HUZZZ";2008;"A61H";1
"HUZZZ";2008;"A61M";1
"HUZZZ";2008;"C07C";2
"HUZZZ";2008;"G06Q";1
"HUZZZ";2008;"Y02P";1
"HU101";2009;"A23L";2
"HU101";2009;"A23V";1
"HU101";2009;"A24D";1
"HU101";2009;"A43D";1
"HU101";2009;"A47C";1
"HU101";2009;"A47K";2
"HU101";2009;"A61B";2
"HU101";2009;"A61H";1
"HU101";2009;"A61K";18
"HU101";2009;"A62D";1
"HU101";2009;"A63F";1
"HU101";2009;"B01D";3
"HU101";2009;"B01L";1
"HU101";2009;"B03C";1
"HU101";2009;"B05D";1
"HU101";2009;"B06B";1
"HU101";2009;"B31B";1
"HU101";2009;"B32B";2
"HU101";2009;"B60G";2
"HU101";2009;"B60T";6
"HU101";2009;"B61F";1
"HU101";2009;"B62D";2
"HU101";2009;"B65B";1
"HU101";2009;"B65D";4
"HU101";2009;"B65G";1
"HU101";2009;"B66C";2
"HU101";2009;"B81B";1
"HU101";2009;"B82Y";2
"HU101";2009;"C02F";2
"HU101";2009;"C04B";1
"HU101";2009;"C07C";4
"HU101";2009;"C07D";14
"HU101";2009;"C07J";2
"HU101";2009;"C07K";3
"HU101";2009;"C08B";1
"HU101";2009;"C08G";1
"HU101";2009;"C08K";1
"HU101";2009;"C08L";2
"HU101";2009;"C09D";2
"HU101";2009;"C09J";2
"HU101";2009;"C10G";2
"HU101";2009;"C10L";2
"HU101";2009;"C10M";1
"HU101";2009;"C11D";1
"HU101";2009;"C12C";1
"HU101";2009;"C12M";1
"HU101";2009;"C12N";4
"HU101";2009;"C12P";1
"HU101";2009;"C21B";1
"HU101";2009;"D06F";1
"HU101";2009;"E03D";1
"HU101";2009;"E05F";1
"HU101";2009;"E05Y";1
"HU101";2009;"E21B";1
"HU101";2009;"F01C";1
"HU101";2009;"F01K";4
"HU101";2009;"F02B";1
"HU101";2009;"F02D";1
"HU101";2009;"F02F";1
"HU101";2009;"F04C";1
"HU101";2009;"F16B";1
"HU101";2009;"F16D";1
"HU101";2009;"F16K";5
"HU101";2009;"F27B";1
"HU101";2009;"F28B";5
"HU101";2009;"F28C";2
"HU101";2009;"F28D";1
"HU101";2009;"F28F";1
"HU101";2009;"G01J";1
"HU101";2009;"G01N";4
"HU101";2009;"G01P";2
"HU101";2009;"G01S";1
"HU101";2009;"G02B";5
"HU101";2009;"G05G";1
"HU101";2009;"G06F";4
"HU101";2009;"G06K";1
"HU101";2009;"G06Q";1
"HU101";2009;"H01J";5
"HU101";2009;"H01K";1
"HU101";2009;"H01L";1
"HU101";2009;"H01R";2
"HU101";2009;"H02K";2
"HU101";2009;"H02N";1
"HU101";2009;"H02P";2
"HU101";2009;"H03M";1
"HU101";2009;"H04B";4
"HU101";2009;"H04L";32
"HU101";2009;"H04M";2
"HU101";2009;"H04N";3
"HU101";2009;"H04W";17
"HU101";2009;"H05B";1
"HU101";2009;"Y02B";3
"HU101";2009;"Y02E";2
"HU101";2009;"Y02P";2
"HU101";2009;"Y02T";1
"HU101";2009;"Y02W";2
"HU101";2009;"Y10T";9
"HU102";2009;"A61B";3
"HU102";2009;"A61F";1
"HU102";2009;"A61H";1
"HU102";2009;"A61K";4
"HU102";2009;"A61N";2
"HU102";2009;"A62D";1
"HU102";2009;"B01D";2
"HU102";2009;"B01L";1
"HU102";2009;"B03C";1
"HU102";2009;"B06B";1
"HU102";2009;"B44C";1
"HU102";2009;"B60T";3
"HU102";2009;"B65B";1
"HU102";2009;"B65D";1
"HU102";2009;"B65H";1
"HU102";2009;"B66C";2
"HU102";2009;"B82Y";2
"HU102";2009;"C02F";1
"HU102";2009;"C04B";2
"HU102";2009;"C07C";1
"HU102";2009;"C07D";6
"HU102";2009;"C07H";2
"HU102";2009;"C07J";1
"HU102";2009;"C08G";1
"HU102";2009;"C08L";1
"HU102";2009;"C09D";1
"HU102";2009;"C10G";2
"HU102";2009;"C10L";2
"HU102";2009;"C10M";1
"HU102";2009;"C12N";4
"HU102";2009;"C12P";1
"HU102";2009;"F03B";1
"HU102";2009;"F03D";1
"HU102";2009;"F05B";1
"HU102";2009;"F16K";3
"HU102";2009;"F21K";2
"HU102";2009;"F21V";2
"HU102";2009;"F21Y";2
"HU102";2009;"F27B";1
"HU102";2009;"F27D";1
"HU102";2009;"G02B";2
"HU102";2009;"H01L";2
"HU102";2009;"H02M";1
"HU102";2009;"H03K";1
"HU102";2009;"H04B";1
"HU102";2009;"H04L";10
"HU102";2009;"H04M";1
"HU102";2009;"H04N";1
"HU102";2009;"H04W";11
"HU102";2009;"Y02B";1
"HU102";2009;"Y02E";3
"HU102";2009;"Y02P";2
"HU102";2009;"Y02W";2
"HU102";2009;"Y10T";3
"HU211";2009;"A01N";1
"HU211";2009;"A62D";1
"HU211";2009;"B22F";1
"HU211";2009;"B66C";2
"HU211";2009;"C10G";2
"HU211";2009;"C10L";2
"HU211";2009;"C22C";1
"HU211";2009;"F01K";1
"HU211";2009;"F28B";1
"HU211";2009;"F28D";1
"HU211";2009;"F28F";1
"HU211";2009;"G06F";1
"HU211";2009;"H04L";4
"HU211";2009;"Y02B";1
"HU211";2009;"Y02E";2
"HU211";2009;"Y02P";2
"HU212";2009;"A61B";2
"HU212";2009;"A61K";1
"HU212";2009;"C04B";1
"HU212";2009;"C10G";2
"HU212";2009;"C10L";2
"HU212";2009;"Y02E";2
"HU212";2009;"Y02P";2
"HU212";2009;"Y02W";1
"HU213";2009;"A61K";2
"HU213";2009;"B01D";1
"HU213";2009;"B60T";1
"HU213";2009;"C07C";4
"HU213";2009;"C07D";3
"HU213";2009;"C08G";1
"HU213";2009;"C10G";2
"HU213";2009;"C10L";2
"HU213";2009;"H05B";1
"HU213";2009;"Y02E";2
"HU213";2009;"Y02P";2
"HU213";2009;"Y10T";1
"HU221";2009;"A47J";1
"HU221";2009;"A61K";1
"HU221";2009;"A63B";1
"HU221";2009;"B60Q";1
"HU221";2009;"B60R";1
"HU221";2009;"C08J";1
"HU221";2009;"E05B";4
"HU221";2009;"E05C";4
"HU221";2009;"F02B";1
"HU221";2009;"F02D";1
"HU221";2009;"F16F";1
"HU221";2009;"F24J";1
"HU221";2009;"G01P";1
"HU221";2009;"H01M";1
"HU221";2009;"Y02B";1
"HU221";2009;"Y02E";1
"HU221";2009;"Y02P";1
"HU221";2009;"Y02T";1
"HU221";2009;"Y10T";1
"HU222";2009;"A61K";3
"HU222";2009;"B01D";1
"HU222";2009;"C07K";1
"HU222";2009;"C12P";1
"HU222";2009;"F21K";1
"HU222";2009;"F21S";1
"HU222";2009;"F21V";2
"HU222";2009;"F21Y";2
"HU222";2009;"F24J";1
"HU222";2009;"G09F";1
"HU222";2009;"H01L";1
"HU222";2009;"H01R";1
"HU222";2009;"H03M";1
"HU222";2009;"H04L";1
"HU222";2009;"Y02B";1
"HU222";2009;"Y02E";1
"HU222";2009;"Y02P";1
"HU223";2009;"A61K";2
"HU223";2009;"A62D";1
"HU223";2009;"B01D";2
"HU223";2009;"E05B";1
"HU223";2009;"F16D";1
"HU223";2009;"H01J";1
"HU223";2009;"H01R";2
"HU223";2009;"H02G";1
"HU223";2009;"Y10T";1
"HU231";2009;"A61K";2
"HU231";2009;"B28B";1
"HU231";2009;"B30B";1
"HU231";2009;"C10G";2
"HU231";2009;"C10L";2
"HU231";2009;"C12P";1
"HU231";2009;"G05B";1
"HU231";2009;"H04L";1
"HU231";2009;"H04W";1
"HU231";2009;"Y02E";2
"HU231";2009;"Y02P";3
"HU232";2009;"B05B";1
"HU232";2009;"E04H";1
"HU232";2009;"H05B";1
"HU233";2009;"B01D";1
"HU233";2009;"B03C";1
"HU233";2009;"B67D";2
"HU233";2009;"C02F";1
"HU233";2009;"C07D";1
"HU233";2009;"C10M";1
"HU233";2009;"C12P";1
"HU233";2009;"Y02W";1
"HU311";2009;"A01D";1
"HU311";2009;"A01G";1
"HU311";2009;"A61N";1
"HU311";2009;"B01D";1
"HU311";2009;"B23Q";1
"HU311";2009;"B25F";1
"HU311";2009;"B25H";1
"HU311";2009;"B26B";1
"HU311";2009;"B62D";1
"HU311";2009;"C01B";1
"HU311";2009;"C02F";1
"HU311";2009;"C07B";1
"HU311";2009;"C07C";1
"HU311";2009;"F02N";1
"HU311";2009;"F16H";1
"HU311";2009;"Y10T";2
"HU312";2009;"B82Y";2
"HU312";2009;"C21D";2
"HU312";2009;"C22C";2
"HU312";2009;"H01F";2
"HU312";2009;"H04L";2
"HU312";2009;"H04N";1
"HU313";2009;"A47J";1
"HU313";2009;"A63B";1
"HU313";2009;"C07D";1
"HU313";2009;"E04F";1
"HU313";2009;"G01P";1
"HU321";2009;"A61H";1
"HU321";2009;"A61K";1
"HU321";2009;"A61M";1
"HU321";2009;"B06B";1
"HU321";2009;"C07B";1
"HU321";2009;"C07C";1
"HU321";2009;"C07H";2
"HU321";2009;"C07J";1
"HU321";2009;"C07K";2
"HU321";2009;"G01N";3
"HU322";2009;"A01D";1
"HU322";2009;"B62D";1
"HU322";2009;"B62M";1
"HU322";2009;"C07H";2
"HU322";2009;"E05B";1
"HU322";2009;"G09F";1
"HU323";2009;"A23L";1
"HU323";2009;"A47C";1
"HU323";2009;"A61G";1
"HU323";2009;"C07B";1
"HU323";2009;"C07C";1
"HU323";2009;"C07D";2
"HU323";2009;"C08B";1
"HU331";2009;"B29C";1
"HU331";2009;"B60D";2
"HU331";2009;"B60G";2
"HU331";2009;"B60T";5
"HU331";2009;"C04B";1
"HU331";2009;"C12P";1
"HU331";2009;"E04D";1
"HU331";2009;"E04F";1
"HU331";2009;"E06B";1
"HU331";2009;"F02D";1
"HU331";2009;"F02M";1
"HU331";2009;"F16K";3
"HU331";2009;"F23N";1
"HU331";2009;"H01H";1
"HU331";2009;"H04L";6
"HU331";2009;"Y02B";1
"HU331";2009;"Y02T";1
"HU331";2009;"Y02W";1
"HU332";2009;"B28B";1
"HU332";2009;"B30B";1
"HU332";2009;"C04B";1
"HU332";2009;"C07D";1
"HU332";2009;"D06M";1
"HU332";2009;"Y02W";1
"HU333";2009;"A61K";8
"HU333";2009;"B01D";1
"HU333";2009;"B28B";1
"HU333";2009;"B30B";1
"HU333";2009;"B82Y";1
"HU333";2009;"C07K";1
"HU333";2009;"C12N";1
"HU333";2009;"C12P";1
"HU333";2009;"D06M";1
"HU333";2009;"F28B";1
"HU333";2009;"F28C";1
"HU333";2009;"F28D";1
"HU333";2009;"Y10T";3
"HUZZZ";2009;"A61K";1
"HUZZZ";2009;"C07C";1
"HUZZZ";2009;"C07D";1
"HUZZZ";2009;"E04D";1
"HUZZZ";2009;"E04F";1
"HUZZZ";2009;"E06B";1
"HU101";2010;"A01C";1
"HU101";2010;"A23K";1
"HU101";2010;"A23L";4
"HU101";2010;"A23V";3
"HU101";2010;"A47C";1
"HU101";2010;"A47J";2
"HU101";2010;"A61B";1
"HU101";2010;"A61F";1
"HU101";2010;"A61K";14
"HU101";2010;"A63B";2
"HU101";2010;"A63F";1
"HU101";2010;"A63H";2
"HU101";2010;"B01D";2
"HU101";2010;"B01J";1
"HU101";2010;"B01L";1
"HU101";2010;"B05B";1
"HU101";2010;"B29C";3
"HU101";2010;"B29K";3
"HU101";2010;"B29L";3
"HU101";2010;"B31D";1
"HU101";2010;"B31F";1
"HU101";2010;"B32B";2
"HU101";2010;"B60B";1
"HU101";2010;"B60G";1
"HU101";2010;"B60T";2
"HU101";2010;"B62D";7
"HU101";2010;"B62M";1
"HU101";2010;"B63H";1
"HU101";2010;"B65B";1
"HU101";2010;"B65D";5
"HU101";2010;"B65H";1
"HU101";2010;"B82Y";1
"HU101";2010;"C01B";1
"HU101";2010;"C02F";2
"HU101";2010;"C03C";1
"HU101";2010;"C04B";1
"HU101";2010;"C05G";1
"HU101";2010;"C07B";2
"HU101";2010;"C07C";3
"HU101";2010;"C07D";13
"HU101";2010;"C07H";7
"HU101";2010;"C07K";3
"HU101";2010;"C08B";3
"HU101";2010;"C08F";1
"HU101";2010;"C08K";1
"HU101";2010;"C08L";3
"HU101";2010;"C09K";2
"HU101";2010;"C12M";1
"HU101";2010;"C12N";2
"HU101";2010;"C12P";2
"HU101";2010;"C12Q";3
"HU101";2010;"E01C";1
"HU101";2010;"E03F";1
"HU101";2010;"E04B";2
"HU101";2010;"E04F";1
"HU101";2010;"E04H";1
"HU101";2010;"E21B";1
"HU101";2010;"F01L";1
"HU101";2010;"F02B";1
"HU101";2010;"F02D";1
"HU101";2010;"F03D";1
"HU101";2010;"F04B";1
"HU101";2010;"F04D";1
"HU101";2010;"F05B";1
"HU101";2010;"F16B";1
"HU101";2010;"F16C";2
"HU101";2010;"F16D";1
"HU101";2010;"F16F";1
"HU101";2010;"F16H";1
"HU101";2010;"F16L";1
"HU101";2010;"F21K";1
"HU101";2010;"F21V";1
"HU101";2010;"F21W";1
"HU101";2010;"F21Y";1
"HU101";2010;"F23D";1
"HU101";2010;"F23K";1
"HU101";2010;"F23L";1
"HU101";2010;"F23N";1
"HU101";2010;"F24D";1
"HU101";2010;"F24H";1
"HU101";2010;"F28D";1
"HU101";2010;"G01D";1
"HU101";2010;"G01J";1
"HU101";2010;"G01L";1
"HU101";2010;"G01N";1
"HU101";2010;"G01R";4
"HU101";2010;"G01S";1
"HU101";2010;"G06F";4
"HU101";2010;"G06Q";1
"HU101";2010;"G06T";2
"HU101";2010;"G08B";1
"HU101";2010;"G21F";1
"HU101";2010;"G21K";1
"HU101";2010;"H01J";13
"HU101";2010;"H01M";2
"HU101";2010;"H02J";2
"HU101";2010;"H02M";2
"HU101";2010;"H04B";3
"HU101";2010;"H04L";35
"HU101";2010;"H04M";3
"HU101";2010;"H04N";2
"HU101";2010;"H04Q";1
"HU101";2010;"H04W";26
"HU101";2010;"H05B";3
"HU101";2010;"H05K";1
"HU101";2010;"Y02B";10
"HU101";2010;"Y02E";2
"HU101";2010;"Y02P";3
"HU101";2010;"Y02T";1
"HU101";2010;"Y02W";2
"HU101";2010;"Y10T";6
"HU102";2010;"A23L";3
"HU102";2010;"A23V";1
"HU102";2010;"A47F";1
"HU102";2010;"A47J";1
"HU102";2010;"A61B";1
"HU102";2010;"A61K";4
"HU102";2010;"A62D";1
"HU102";2010;"B01J";1
"HU102";2010;"B29C";1
"HU102";2010;"B29K";1
"HU102";2010;"B29L";1
"HU102";2010;"B44C";1
"HU102";2010;"B44F";1
"HU102";2010;"B60B";1
"HU102";2010;"B60T";1
"HU102";2010;"B62D";1
"HU102";2010;"B62M";1
"HU102";2010;"C01B";1
"HU102";2010;"C07B";2
"HU102";2010;"C07C";3
"HU102";2010;"C07D";8
"HU102";2010;"C07H";7
"HU102";2010;"C08J";1
"HU102";2010;"C12P";2
"HU102";2010;"E04B";1
"HU102";2010;"E04F";1
"HU102";2010;"E04H";1
"HU102";2010;"E05F";1
"HU102";2010;"E05Y";1
"HU102";2010;"F01L";1
"HU102";2010;"F02B";1
"HU102";2010;"F02D";1
"HU102";2010;"F04B";1
"HU102";2010;"F04D";1
"HU102";2010;"F04F";1
"HU102";2010;"F16B";1
"HU102";2010;"F16D";1
"HU102";2010;"F21K";3
"HU102";2010;"F21V";3
"HU102";2010;"F21Y";3
"HU102";2010;"G01M";1
"HU102";2010;"G05B";1
"HU102";2010;"G06F";1
"HU102";2010;"G06Q";1
"HU102";2010;"G08B";1
"HU102";2010;"G09F";1
"HU102";2010;"H01L";3
"HU102";2010;"H02J";1
"HU102";2010;"H02M";2
"HU102";2010;"H03K";1
"HU102";2010;"H04B";1
"HU102";2010;"H04L";20
"HU102";2010;"H04M";4
"HU102";2010;"H04N";1
"HU102";2010;"H04W";23
"HU102";2010;"H05K";2
"HU102";2010;"Y02B";4
"HU102";2010;"Y02E";1
"HU102";2010;"Y02P";2
"HU102";2010;"Y02W";1
"HU102";2010;"Y04S";1
"HU211";2010;"A01C";1
"HU211";2010;"A01G";1
"HU211";2010;"B01D";2
"HU211";2010;"B29C";2
"HU211";2010;"B29K";2
"HU211";2010;"B29L";2
"HU211";2010;"B60S";1
"HU211";2010;"C07D";1
"HU211";2010;"G05B";1
"HU211";2010;"G06F";2
"HU211";2010;"H01S";1
"HU211";2010;"H04L";1
"HU211";2010;"H04W";1
"HU211";2010;"H05G";1
"HU211";2010;"Y10T";2
"HU212";2010;"B01D";3
"HU212";2010;"B29C";2
"HU212";2010;"B29K";2
"HU212";2010;"B29L";2
"HU212";2010;"C07B";1
"HU212";2010;"C07C";1
"HU212";2010;"C07D";1
"HU212";2010;"F24B";1
"HU212";2010;"Y02C";1
"HU212";2010;"Y02W";1
"HU212";2010;"Y10T";2
"HU213";2010;"A23K";1
"HU213";2010;"B01D";1
"HU213";2010;"B23P";1
"HU213";2010;"C03C";1
"HU213";2010;"C04B";1
"HU213";2010;"C07C";1
"HU213";2010;"C08G";1
"HU213";2010;"C08J";1
"HU213";2010;"F24J";1
"HU213";2010;"F28D";1
"HU213";2010;"F28F";1
"HU213";2010;"G21F";1
"HU213";2010;"Y02B";1
"HU213";2010;"Y02C";1
"HU213";2010;"Y02E";1
"HU213";2010;"Y02P";1
"HU213";2010;"Y10T";1
"HU221";2010;"A23K";1
"HU221";2010;"B62D";1
"HU221";2010;"C07D";1
"HU221";2010;"E05B";2
"HU221";2010;"E05C";2
"HU221";2010;"E05D";1
"HU221";2010;"E05Y";1
"HU222";2010;"A01N";1
"HU222";2010;"A61K";2
"HU222";2010;"A61Q";1
"HU222";2010;"B62D";1
"HU222";2010;"C01B";1
"HU222";2010;"F21S";1
"HU222";2010;"F21V";1
"HU222";2010;"F21Y";1
"HU222";2010;"G01N";1
"HU222";2010;"G02B";1
"HU222";2010;"G06F";1
"HU222";2010;"H01L";1
"HU222";2010;"H04L";1
"HU223";2010;"A01N";1
"HU223";2010;"A61K";1
"HU223";2010;"B60N";1
"HU223";2010;"B62D";1
"HU223";2010;"B64D";1
"HU223";2010;"H02H";1
"HU231";2010;"A47J";1
"HU231";2010;"A47L";1
"HU231";2010;"A61B";1
"HU231";2010;"B08B";1
"HU231";2010;"B29C";1
"HU231";2010;"B29L";1
"HU231";2010;"B60S";1
"HU231";2010;"B62D";1
"HU231";2010;"C12N";1
"HU231";2010;"G01N";1
"HU231";2010;"G02F";2
"HU231";2010;"G06T";1
"HU231";2010;"H01S";1
"HU231";2010;"H04L";1
"HU231";2010;"H04M";1
"HU231";2010;"H04W";2
"HU231";2010;"H05G";1
"HU232";2010;"A61K";1
"HU232";2010;"C01B";1
"HU233";2010;"A61K";1
"HU233";2010;"B65B";2
"HU233";2010;"B65D";3
"HU233";2010;"B67D";4
"HU233";2010;"C07D";2
"HU233";2010;"F04B";1
"HU233";2010;"G05D";1
"HU233";2010;"Y10T";1
"HU311";2010;"A01D";1
"HU311";2010;"A61N";1
"HU311";2010;"B01D";1
"HU311";2010;"B22D";1
"HU311";2010;"B23Q";1
"HU311";2010;"B24B";1
"HU311";2010;"B25B";2
"HU311";2010;"B25F";4
"HU311";2010;"B62D";2
"HU311";2010;"C22B";1
"HU311";2010;"F16J";1
"HU311";2010;"F24B";1
"HU311";2010;"F27D";1
"HU311";2010;"H01H";2
"HU311";2010;"H01J";1
"HU311";2010;"H02K";2
"HU311";2010;"Y10T";1
"HU312";2010;"A61K";1
"HU312";2010;"B62D";2
"HU312";2010;"C01B";1
"HU312";2010;"H04L";1
"HU313";2010;"A61K";1
"HU313";2010;"C07K";1
"HU313";2010;"C12Q";1
"HU321";2010;"A21B";1
"HU321";2010;"A23K";1
"HU321";2010;"A23L";3
"HU321";2010;"A23V";1
"HU321";2010;"A61K";2
"HU321";2010;"C07H";6
"HU321";2010;"C12P";2
"HU321";2010;"H04B";1
"HU321";2010;"H04L";1
"HU321";2010;"H04W";2
"HU321";2010;"Y02P";2
"HU322";2010;"A01D";1
"HU322";2010;"A01K";1
"HU322";2010;"A23L";3
"HU322";2010;"A23V";1
"HU322";2010;"A61K";1
"HU322";2010;"C07H";7
"HU322";2010;"C12P";2
"HU322";2010;"E05B";1
"HU322";2010;"G06F";1
"HU322";2010;"G08B";1
"HU322";2010;"G09F";1
"HU322";2010;"Y02P";2
"HU323";2010;"A61K";1
"HU323";2010;"C07D";2
"HU323";2010;"C07H";1
"HU323";2010;"C12N";1
"HU323";2010;"C12Q";2
"HU331";2010;"A61K";1
"HU331";2010;"B21J";1
"HU331";2010;"B21K";1
"HU331";2010;"B23B";1
"HU331";2010;"B23P";1
"HU331";2010;"B60D";1
"HU331";2010;"B60G";1
"HU331";2010;"B60T";1
"HU331";2010;"C07D";1
"HU331";2010;"F02D";1
"HU331";2010;"F15D";1
"HU331";2010;"F16F";1
"HU331";2010;"F16K";1
"HU331";2010;"F16L";1
"HU331";2010;"G06F";1
"HU331";2010;"H04L";8
"HU331";2010;"H04W";1
"HU331";2010;"Y02B";1
"HU332";2010;"A01D";1
"HU332";2010;"B01J";1
"HU332";2010;"C07B";1
"HU332";2010;"C07C";1
"HU332";2010;"C07D";1
"HU332";2010;"H01H";1
"HU332";2010;"H04L";2
"HU332";2010;"H04N";1
"HU333";2010;"A61K";2
"HU333";2010;"A61L";1
"HU333";2010;"B01J";1
"HU333";2010;"C01B";1
"HU333";2010;"C01G";1
"HU333";2010;"C01P";1
"HU333";2010;"C07C";1
"HU333";2010;"C07D";3
"HU333";2010;"E04B";2
"HU333";2010;"E04C";2
"HU333";2010;"F16D";1
"HU333";2010;"G06F";1
"HU333";2010;"G07F";1
"HU333";2010;"H01S";1
"HU333";2010;"H04M";1
"HU333";2010;"H04Q";1
"HU333";2010;"H05B";2
"HU333";2010;"H05G";1
"HU333";2010;"Y02E";1
"HUZZZ";2010;"A61K";1
"HUZZZ";2010;"C07D";1
"HUZZZ";2010;"H04L";1
"HUZZZ";2010;"H04W";1
"HUZZZ";2010;"Y10T";1
